{"cameraMode":{"drawMode":0,"name":"Shaded","section":"Shading Mode"},"sceneLighting":false,"audioPlay":false,"sceneViewState":{"showFog":true,"showMaterialUpdate":false,"showSkybox":false,"showFlares":true,"showImageEffects":true,"showParticleSystems":true},"in2DMode":false,"pivot":{"x":1.190176010131836,"y":0.3245488107204437,"z":0.048314690589904788},"rotation":{"x":-0.009761220775544644,"y":0.9789185523986816,"z":-0.19824263453483582,"w":-0.04820073023438454},"size":3.8591835498809816,"orthographic":false}