{"cameraMode":{"drawMode":0,"name":"Shaded","section":"Shading Mode"},"sceneLighting":false,"audioPlay":false,"sceneViewState":{"showFog":true,"showMaterialUpdate":false,"showSkybox":false,"showFlares":true,"showImageEffects":true,"showParticleSystems":true},"in2DMode":false,"pivot":{"x":-0.3028988838195801,"y":0.24892199039459229,"z":-1.066044807434082},"rotation":{"x":-0.022081060335040094,"y":0.9778581261634827,"z":-0.152602881193161,"w":-0.14149266481399537},"size":1.786750316619873,"orthographic":false}