{"cameraMode":{"drawMode":0,"name":"Shaded","section":"Shading Mode"},"sceneLighting":false,"audioPlay":false,"sceneViewState":{"showFog":true,"showMaterialUpdate":false,"showSkybox":false,"showFlares":true,"showImageEffects":true,"showParticleSystems":true},"in2DMode":false,"pivot":{"x":-5.960464477539063e-8,"y":0.869835615158081,"z":4.8915605545043949},"rotation":{"x":0.03955274075269699,"y":-0.6839233040809631,"z":0.03717857599258423,"w":0.7275416254997253},"size":5.516541481018066,"orthographic":false}