{"cameraMode":{"drawMode":0,"name":"Shaded","section":"Shading Mode"},"sceneLighting":false,"audioPlay":false,"sceneViewState":{"showFog":true,"showMaterialUpdate":false,"showSkybox":false,"showFlares":true,"showImageEffects":true,"showParticleSystems":true},"in2DMode":false,"pivot":{"x":-1.2164162397384644,"y":12.500000953674317,"z":22.20214080810547},"rotation":{"x":-0.049552954733371738,"y":0.8865617513656616,"z":-0.09774599969387055,"w":-0.4494504928588867},"size":1.59999680519104,"orthographic":false}