{"cameraMode":{"drawMode":0,"name":"Shaded","section":"Shading Mode"},"sceneLighting":false,"audioPlay":false,"sceneViewState":{"showFog":true,"showMaterialUpdate":false,"showSkybox":false,"showFlares":true,"showImageEffects":true,"showParticleSystems":true},"in2DMode":false,"pivot":{"x":36.0,"y":12.000000953674317,"z":21.852140426635743},"rotation":{"x":-0.001346902339719236,"y":0.9986517429351807,"z":-0.034776486456394199,"w":-0.038666028529405597},"size":2.1020822525024416,"orthographic":false}