{"cameraMode":{"drawMode":0,"name":"Shaded","section":"Shading Mode"},"sceneLighting":false,"audioPlay":false,"sceneViewState":{"showFog":true,"showMaterialUpdate":false,"showSkybox":false,"showFlares":true,"showImageEffects":true,"showParticleSystems":true},"in2DMode":false,"pivot":{"x":34.560001373291019,"y":11.889071464538575,"z":22.879962921142579},"rotation":{"x":0.08204858005046845,"y":-0.7804076075553894,"z":0.10480797290802002,"w":0.6109408736228943},"size":1.3253775835037232,"orthographic":false}