{"cameraMode":{"drawMode":0,"name":"Shaded","section":"Shading Mode"},"sceneLighting":false,"audioPlay":false,"sceneViewState":{"showFog":true,"showMaterialUpdate":false,"showSkybox":false,"showFlares":true,"showImageEffects":true,"showParticleSystems":true},"in2DMode":false,"pivot":{"x":34.560001373291019,"y":11.889071464538575,"z":22.879962921142579},"rotation":{"x":0.019452549517154695,"y":-0.7372971177101135,"z":0.021245351061224939,"w":0.6749655604362488},"size":1.3253775835037232,"orthographic":false}