{"cameraMode":{"drawMode":0,"name":"Shaded","section":"Shading Mode"},"sceneLighting":false,"audioPlay":false,"sceneViewState":{"showFog":true,"showMaterialUpdate":false,"showSkybox":false,"showFlares":true,"showImageEffects":true,"showParticleSystems":true},"in2DMode":false,"pivot":{"x":0.09142337739467621,"y":0.05962921306490898,"z":9.313225746154785e-9},"rotation":{"x":-0.18224726617336274,"y":-0.020059477537870408,"z":0.003718235995620489,"w":-0.9830452799797058},"size":0.13782858848571778,"orthographic":false}