{"cameraMode":{"drawMode":0,"name":"Shaded","section":"Shading Mode"},"sceneLighting":false,"audioPlay":false,"sceneViewState":{"showFog":true,"showMaterialUpdate":false,"showSkybox":false,"showFlares":true,"showImageEffects":true,"showParticleSystems":true},"in2DMode":false,"pivot":{"x":38.241912841796878,"y":13.052303314208985,"z":26.970474243164064},"rotation":{"x":0.08257587999105454,"y":0.8451586961746216,"z":-0.1368248462677002,"w":0.5100659728050232},"size":4.361068248748779,"orthographic":false}