{"cameraMode":{"drawMode":0,"name":"Shaded","section":"Shading Mode"},"sceneLighting":false,"audioPlay":false,"sceneViewState":{"showFog":true,"showMaterialUpdate":false,"showSkybox":false,"showFlares":true,"showImageEffects":true,"showParticleSystems":true},"in2DMode":false,"pivot":{"x":0.008659988641738892,"y":0.10285167396068573,"z":2.421438694000244e-8},"rotation":{"x":-0.18224726617336274,"y":-0.020059477537870408,"z":0.003718235995620489,"w":-0.9830452799797058},"size":0.11768053472042084,"orthographic":false}