{"cameraMode":{"drawMode":0,"name":"Shaded","section":"Shading Mode"},"sceneLighting":false,"audioPlay":false,"sceneViewState":{"showFog":true,"showMaterialUpdate":false,"showSkybox":false,"showFlares":true,"showImageEffects":true,"showParticleSystems":true},"in2DMode":false,"pivot":{"x":0.0,"y":0.06744172424077988,"z":7.450580596923828e-9},"rotation":{"x":-0.18224726617336274,"y":-0.020059477537870408,"z":0.003718235995620489,"w":-0.9830452799797058},"size":0.08757375180721283,"orthographic":false}