{"cameraMode":{"drawMode":0,"name":"Shaded","section":"Shading Mode"},"sceneLighting":false,"audioPlay":false,"sceneViewState":{"showFog":true,"showMaterialUpdate":false,"showSkybox":false,"showFlares":true,"showImageEffects":true,"showParticleSystems":true},"in2DMode":false,"pivot":{"x":0.0009002164006233215,"y":0.136601060628891,"z":-0.26375842094421389},"rotation":{"x":0.0026876640040427448,"y":0.047080013900995257,"z":0.0001277778937947005,"w":-0.9988925457000732},"size":0.16472464799880982,"orthographic":false}