{"cameraMode":{"drawMode":0,"name":"Shaded","section":"Shading Mode"},"sceneLighting":false,"audioPlay":false,"sceneViewState":{"showFog":true,"showMaterialUpdate":false,"showSkybox":false,"showFlares":true,"showImageEffects":true,"showParticleSystems":true},"in2DMode":false,"pivot":{"x":39.88295364379883,"y":11.759603500366211,"z":26.344768524169923},"rotation":{"x":0.07283452898263931,"y":0.6629368662834168,"z":-0.0650492012500763,"w":0.7422793507575989},"size":1.524744987487793,"orthographic":false}