{"cameraMode":{"drawMode":0,"name":"Shaded","section":"Shading Mode"},"sceneLighting":false,"audioPlay":false,"sceneViewState":{"showFog":true,"showMaterialUpdate":false,"showSkybox":false,"showFlares":true,"showImageEffects":true,"showParticleSystems":true},"in2DMode":false,"pivot":{"x":42.8649787902832,"y":11.0,"z":28.63614845275879},"rotation":{"x":-0.056725386530160907,"y":0.9359764456748962,"z":-0.17788179218769074,"w":-0.29847705364227297},"size":0.6062200665473938,"orthographic":false}