{"cameraMode":{"drawMode":0,"name":"Shaded","section":"Shading Mode"},"sceneLighting":false,"audioPlay":false,"sceneViewState":{"showFog":true,"showMaterialUpdate":false,"showSkybox":false,"showFlares":true,"showImageEffects":true,"showParticleSystems":true},"in2DMode":false,"pivot":{"x":46.92302322387695,"y":7.11862325668335,"z":4.7704925537109379},"rotation":{"x":-0.008737748488783837,"y":0.9864599108695984,"z":-0.1539454460144043,"w":-0.05599113181233406},"size":8.799999237060547,"orthographic":false}